customer_id,full_name,email,phone,city,state,country,currency_code,annual_income_local,annual_income_usd,credit_score,employment_type,created_at,monthly_income_local,monthly_income_usd,income_segment,credit_band
1,Lakshmi Sharma,lakshmi.sharma1@yahoo.com,9863496483,Chennai,Tamil Nadu,India,INR,1834844.0,19632.83,817,Salaried,2026-07-10 09:27:06,152903.67,1636.07,$10–30K,Excellent (750–900)
2,Rajesh Singh,rajesh.singh2@icloud.com,9376015502,Kolkata,West Bengal,India,INR,1713904.0,18338.77,887,Self-Employed,2026-07-10 09:27:06,142825.33,1528.23,$10–30K,Excellent (750–900)
3,Rahul Joshi,rahul.joshi3@icloud.com,9230240795,Jaipur,Rajasthan,India,INR,4381917.0,46886.51,631,Self-Employed,2026-07-10 09:27:06,365159.75,3907.21,$30–60K,Fair (550–650)
4,Amit Reddy,amit.reddy4@outlook.com,9718186552,Bengaluru,Karnataka,India,INR,2648118.0,28334.86,620,Self-Employed,2026-07-10 09:27:06,220676.5,2361.24,$10–30K,Fair (550–650)
5,Nisha Mehta,nisha.mehta5@icloud.com,9879732582,Ahmedabad,Gujarat,India,INR,1126289.0,12051.29,886,Salaried,2026-07-10 09:27:06,93857.42,1004.27,$10–30K,Excellent (750–900)
6,Lakshmi Verma,lakshmi.verma6@icloud.com,9290791257,Hyderabad,Telangana,India,INR,6286324.0,67263.67,832,Business,2026-07-10 09:27:06,523860.33,5605.31,$60–120K,Excellent (750–900)
7,Pooja Reddy,pooja.reddy7@icloud.com,9740625701,Kolkata,West Bengal,India,INR,566941.0,6066.27,717,Salaried,2026-07-10 09:27:06,47245.08,505.52,<$10K,Good (650–750)
8,Arjun Pillai,arjun.pillai8@gmail.com,9115478617,Jaipur,Rajasthan,India,INR,3052332.0,32659.95,634,Self-Employed,2026-07-10 09:27:06,254361.0,2721.66,$30–60K,Fair (550–650)
9,Manoj Chauhan,manoj.chauhan9@yahoo.com,9164930905,Hyderabad,Telangana,India,INR,1966174.0,21038.06,810,Salaried,2026-07-10 09:27:06,163847.83,1753.17,$10–30K,Excellent (750–900)
10,Deepa Sharma,deepa.sharma10@yahoo.com,9437876913,Kolkata,West Bengal,India,INR,1180879.0,12635.41,584,Self-Employed,2026-07-10 09:27:06,98406.58,1052.95,$10–30K,Fair (550–650)
11,Sanjay Patel,sanjay.patel11@gmail.com,9888895311,Delhi,Delhi,India,INR,2158825.0,23099.43,896,Salaried,2026-07-10 09:27:06,179902.08,1924.95,$10–30K,Excellent (750–900)
12,Nisha Gupta,nisha.gupta12@yahoo.com,9966256938,Hyderabad,Telangana,India,INR,3777008.0,40413.99,719,Business,2026-07-10 09:27:06,314750.67,3367.83,$30–60K,Good (650–750)
13,Pooja Rao,pooja.rao13@icloud.com,9870390234,Ahmedabad,Gujarat,India,INR,1081094.0,11567.71,714,Salaried,2026-07-10 09:27:06,90091.17,963.98,$10–30K,Good (650–750)
14,Meena Singh,meena.singh14@yahoo.com,9228011220,Pune,Maharashtra,India,INR,3401731.0,36398.52,642,Business,2026-07-10 09:27:06,283477.58,3033.21,$30–60K,Fair (550–650)
15,Venkat Patel,venkat.patel15@yahoo.com,9118299175,Delhi,Delhi,India,INR,4331255.0,46344.43,657,Self-Employed,2026-07-10 09:27:06,360937.92,3862.04,$30–60K,Good (650–750)
16,Rajesh Nair,rajesh.nair16@yahoo.com,9467109446,Hyderabad,Telangana,India,INR,4186143.0,44791.73,595,Self-Employed,2026-07-10 09:27:06,348845.25,3732.64,$30–60K,Fair (550–650)
17,Lakshmi Pillai,lakshmi.pillai17@yahoo.com,9824533463,Lucknow,Uttar Pradesh,India,INR,2194031.0,23476.13,790,Salaried,2026-07-10 09:27:06,182835.92,1956.34,$10–30K,Excellent (750–900)
18,Nisha Mishra,nisha.mishra18@outlook.com,9988541798,Delhi,Delhi,India,INR,6997741.0,74875.83,762,Business,2026-07-10 09:27:06,583145.08,6239.65,$60–120K,Excellent (750–900)
19,Venkat Pillai,venkat.pillai19@yahoo.com,9584552284,Hyderabad,Telangana,India,INR,413618.0,4425.71,807,Retired,2026-07-10 09:27:06,34468.17,368.81,<$10K,Excellent (750–900)
20,Deepa Kumar,deepa.kumar20@gmail.com,9180960188,Chennai,Tamil Nadu,India,INR,579276.0,6198.25,790,Retired,2026-07-10 09:27:06,48273.0,516.52,<$10K,Excellent (750–900)
21,Priya Sharma,priya.sharma21@yahoo.com,9351748231,Lucknow,Uttar Pradesh,India,INR,561545.0,6008.53,891,Retired,2026-07-10 09:27:06,46795.42,500.71,<$10K,Excellent (750–900)
22,Lakshmi Nair,lakshmi.nair22@gmail.com,9345061366,Ahmedabad,Gujarat,India,INR,313436.0,3353.77,823,Retired,2026-07-10 09:27:06,26119.67,279.48,<$10K,Excellent (750–900)
23,Divya Singh,divya.singh23@icloud.com,9466045277,Lucknow,Uttar Pradesh,India,INR,4351809.0,46564.36,845,Self-Employed,2026-07-10 09:27:06,362650.75,3880.36,$30–60K,Excellent (750–900)
24,Ravi Iyer,ravi.iyer24@icloud.com,9289487203,Kolkata,West Bengal,India,INR,2179557.0,23321.26,719,Salaried,2026-07-10 09:27:06,181629.75,1943.44,$10–30K,Good (650–750)
25,Sunita Reddy,sunita.reddy25@gmail.com,9625977363,Lucknow,Uttar Pradesh,India,INR,4969819.0,53177.06,603,Self-Employed,2026-07-10 09:27:06,414151.58,4431.42,$30–60K,Fair (550–650)
26,Rajesh Gupta,rajesh.gupta26@gmail.com,9275423992,Pune,Maharashtra,India,INR,897656.0,9604.92,552,Self-Employed,2026-07-10 09:27:06,74804.67,800.41,<$10K,Fair (550–650)
27,Nisha Iyer,nisha.iyer27@gmail.com,9416263359,Lucknow,Uttar Pradesh,India,INR,2678407.0,28658.95,575,Self-Employed,2026-07-10 09:27:06,223200.58,2388.25,$10–30K,Fair (550–650)
28,Nisha Reddy,nisha.reddy28@yahoo.com,9927725741,Delhi,Delhi,India,INR,1794882.0,19205.24,814,Salaried,2026-07-10 09:27:06,149573.5,1600.44,$10–30K,Excellent (750–900)
29,Vikram Rao,vikram.rao29@gmail.com,9695132024,Bengaluru,Karnataka,India,INR,2957550.0,31645.79,590,Business,2026-07-10 09:27:06,246462.5,2637.15,$30–60K,Fair (550–650)
30,Meena Mishra,meena.mishra30@outlook.com,9218270926,Jaipur,Rajasthan,India,INR,1224120.0,13098.08,587,Salaried,2026-07-10 09:27:06,102010.0,1091.51,$10–30K,Fair (550–650)
31,Ravi Nair,ravi.nair31@yahoo.com,9505894994,Kolkata,West Bengal,India,INR,3279140.0,35086.8,860,Self-Employed,2026-07-10 09:27:06,273261.67,2923.9,$30–60K,Excellent (750–900)
32,Ravi Kumar,ravi.kumar32@outlook.com,9788017604,Delhi,Delhi,India,INR,2068083.0,22128.49,563,Salaried,2026-07-10 09:27:06,172340.25,1844.04,$10–30K,Fair (550–650)
33,Priya Iyer,priya.iyer33@yahoo.com,9215486792,Jaipur,Rajasthan,India,INR,3614320.0,38673.22,788,Self-Employed,2026-07-10 09:27:06,301193.33,3222.77,$30–60K,Excellent (750–900)
34,Arjun Singh,arjun.singh34@yahoo.com,9607883708,Chennai,Tamil Nadu,India,INR,6249573.0,66870.43,773,Business,2026-07-10 09:27:06,520797.75,5572.54,$60–120K,Excellent (750–900)
35,Rajesh Nair,rajesh.nair35@outlook.com,9261747956,Ahmedabad,Gujarat,India,INR,621427.0,6649.27,882,Retired,2026-07-10 09:27:06,51785.58,554.11,<$10K,Excellent (750–900)
36,Deepa Pillai,deepa.pillai36@gmail.com,9619636759,Bengaluru,Karnataka,India,INR,1585455.0,16964.37,865,Self-Employed,2026-07-10 09:27:06,132121.25,1413.7,$10–30K,Excellent (750–900)
37,Deepa Joshi,deepa.joshi37@icloud.com,9531644666,Pune,Maharashtra,India,INR,2073134.0,22182.53,885,Self-Employed,2026-07-10 09:27:06,172761.17,1848.54,$10–30K,Excellent (750–900)
38,Rahul Patel,rahul.patel38@yahoo.com,9841376234,Pune,Maharashtra,India,INR,2205584.0,23599.75,798,Salaried,2026-07-10 09:27:06,183798.67,1966.65,$10–30K,Excellent (750–900)
39,Arun Kumar,arun.kumar39@outlook.com,9854440650,Delhi,Delhi,India,INR,9586728.0,102577.99,676,Business,2026-07-10 09:27:06,798894.0,8548.17,$60–120K,Good (650–750)
40,Vikram Rao,vikram.rao40@icloud.com,9266462204,Lucknow,Uttar Pradesh,India,INR,1171047.0,12530.2,780,Salaried,2026-07-10 09:27:06,97587.25,1044.18,$10–30K,Excellent (750–900)
41,Lakshmi Rao,lakshmi.rao41@yahoo.com,9125467521,Lucknow,Uttar Pradesh,India,INR,2353363.0,25180.98,661,Salaried,2026-07-10 09:27:06,196113.58,2098.42,$10–30K,Good (650–750)
42,Vikram Nair,vikram.nair42@outlook.com,9518827648,Bengaluru,Karnataka,India,INR,1942855.0,20788.55,841,Self-Employed,2026-07-10 09:27:06,161904.58,1732.38,$10–30K,Excellent (750–900)
43,Ravi Joshi,ravi.joshi43@icloud.com,9951078698,Jaipur,Rajasthan,India,INR,1899383.0,20323.4,866,Self-Employed,2026-07-10 09:27:06,158281.92,1693.62,$10–30K,Excellent (750–900)
44,Anitha Rao,anitha.rao44@icloud.com,9911073477,Jaipur,Rajasthan,India,INR,7606879.0,81393.61,670,Business,2026-07-10 09:27:06,633906.58,6782.8,$60–120K,Good (650–750)
45,Swathi Patel,swathi.patel45@gmail.com,9690799435,Delhi,Delhi,India,INR,435471.0,4659.54,739,Retired,2026-07-10 09:27:06,36289.25,388.3,<$10K,Good (650–750)
46,Sanjay Singh,sanjay.singh46@outlook.com,9692044113,Bengaluru,Karnataka,India,INR,1208811.0,12934.28,684,Self-Employed,2026-07-10 09:27:06,100734.25,1077.86,$10–30K,Good (650–750)
47,Arjun Singh,arjun.singh47@gmail.com,9849319430,Pune,Maharashtra,India,INR,3300924.0,35319.89,886,Self-Employed,2026-07-10 09:27:06,275077.0,2943.32,$30–60K,Excellent (750–900)
48,Rahul Singh,rahul.singh48@icloud.com,9342212734,Pune,Maharashtra,India,INR,2016202.0,21573.36,694,Salaried,2026-07-10 09:27:06,168016.83,1797.78,$10–30K,Good (650–750)
49,Amit Mishra,amit.mishra49@outlook.com,9134173459,Pune,Maharashtra,India,INR,1100031.0,11770.33,757,Business,2026-07-10 09:27:06,91669.25,980.86,$10–30K,Excellent (750–900)
50,Divya Sharma,divya.sharma50@icloud.com,9480650928,Ahmedabad,Gujarat,India,INR,3679512.0,39370.78,803,Business,2026-07-10 09:27:06,306626.0,3280.9,$30–60K,Excellent (750–900)
51,Priya Patel,priya.patel51@gmail.com,9121021255,Delhi,Delhi,India,INR,2620888.0,28043.5,893,Self-Employed,2026-07-10 09:27:06,218407.33,2336.96,$10–30K,Excellent (750–900)
52,Kiran Iyer,kiran.iyer52@gmail.com,9429136497,Bengaluru,Karnataka,India,INR,2210631.0,23653.75,801,Salaried,2026-07-10 09:27:06,184219.25,1971.15,$10–30K,Excellent (750–900)
53,Sunita Patel,sunita.patel53@outlook.com,9143367019,Kolkata,West Bengal,India,INR,1309342.0,14009.96,572,Salaried,2026-07-10 09:27:06,109111.83,1167.5,$10–30K,Fair (550–650)
54,Priya Mehta,priya.mehta54@yahoo.com,9186547673,Jaipur,Rajasthan,India,INR,7430199.0,79503.13,697,Business,2026-07-10 09:27:06,619183.25,6625.26,$60–120K,Good (650–750)
55,Ravi Iyer,ravi.iyer55@yahoo.com,9230260880,Delhi,Delhi,India,INR,508215.0,5437.9,575,Salaried,2026-07-10 09:27:06,42351.25,453.16,<$10K,Fair (550–650)
56,Vikram Sharma,vikram.sharma56@yahoo.com,9800591650,Hyderabad,Telangana,India,INR,3934843.0,42102.82,848,Business,2026-07-10 09:27:06,327903.58,3508.57,$30–60K,Excellent (750–900)
57,Amit Pillai,amit.pillai57@icloud.com,9410362327,Pune,Maharashtra,India,INR,1004205.0,10744.99,808,Self-Employed,2026-07-10 09:27:06,83683.75,895.42,$10–30K,Excellent (750–900)
58,Vikram Joshi,vikram.joshi58@icloud.com,9785539848,Jaipur,Rajasthan,India,INR,6287050.0,67271.44,765,Business,2026-07-10 09:27:06,523920.83,5605.95,$60–120K,Excellent (750–900)
59,Suresh Patel,suresh.patel59@icloud.com,9296398997,Kolkata,West Bengal,India,INR,7352129.0,78667.78,626,Business,2026-07-10 09:27:06,612677.42,6555.65,$60–120K,Fair (550–650)
60,Rajesh Sharma,rajesh.sharma60@outlook.com,9858997744,Ahmedabad,Gujarat,India,INR,2468462.0,26412.54,777,Salaried,2026-07-10 09:27:06,205705.17,2201.04,$10–30K,Excellent (750–900)
61,Swathi Verma,swathi.verma61@icloud.com,9232965860,Mumbai,Maharashtra,India,INR,1321495.0,14140.0,577,Salaried,2026-07-10 09:27:06,110124.58,1178.33,$10–30K,Fair (550–650)
62,Rekha Kumar,rekha.kumar62@yahoo.com,9120944080,Mumbai,Maharashtra,India,INR,1934734.0,20701.65,855,Salaried,2026-07-10 09:27:06,161227.83,1725.14,$10–30K,Excellent (750–900)
63,Deepa Nair,deepa.nair63@icloud.com,9765771955,Jaipur,Rajasthan,India,INR,989502.0,10587.67,572,Self-Employed,2026-07-10 09:27:06,82458.5,882.31,$10–30K,Fair (550–650)
64,Divya Reddy,divya.reddy64@outlook.com,9227221709,Bengaluru,Karnataka,India,INR,3237863.0,34645.13,655,Self-Employed,2026-07-10 09:27:06,269821.92,2887.09,$30–60K,Good (650–750)
65,Rajesh Kumar,rajesh.kumar65@outlook.com,9592139218,Kolkata,West Bengal,India,INR,2246582.0,24038.43,742,Salaried,2026-07-10 09:27:06,187215.17,2003.2,$10–30K,Good (650–750)
66,Vikram Patel,vikram.patel66@outlook.com,9521581972,Pune,Maharashtra,India,INR,417588.0,4468.19,878,Salaried,2026-07-10 09:27:06,34799.0,372.35,<$10K,Excellent (750–900)
67,Sunita Gupta,sunita.gupta67@outlook.com,9606926937,Kolkata,West Bengal,India,INR,5900254.0,63132.72,791,Business,2026-07-10 09:27:06,491687.83,5261.06,$60–120K,Excellent (750–900)
68,Pooja Mishra,pooja.mishra68@gmail.com,9414110952,Ahmedabad,Gujarat,India,INR,306355.0,3278.0,757,Retired,2026-07-10 09:27:06,25529.58,273.17,<$10K,Excellent (750–900)
69,Suresh Pillai,suresh.pillai69@gmail.com,9996168245,Kolkata,West Bengal,India,INR,1606274.0,17187.13,719,Salaried,2026-07-10 09:27:06,133856.17,1432.26,$10–30K,Good (650–750)
70,Pooja Nair,pooja.nair70@gmail.com,9345485763,Ahmedabad,Gujarat,India,INR,1143727.0,12237.88,702,Salaried,2026-07-10 09:27:06,95310.58,1019.82,$10–30K,Good (650–750)
71,Deepa Iyer,deepa.iyer71@outlook.com,9598446722,Jaipur,Rajasthan,India,INR,621822.0,6653.5,761,Salaried,2026-07-10 09:27:06,51818.5,554.46,<$10K,Excellent (750–900)
72,Pooja Sharma,pooja.sharma72@outlook.com,9841611554,Mumbai,Maharashtra,India,INR,729884.0,7809.76,727,Self-Employed,2026-07-10 09:27:06,60823.67,650.81,<$10K,Good (650–750)
73,Rajesh Nair,rajesh.nair73@gmail.com,9915734224,Lucknow,Uttar Pradesh,India,INR,703440.0,7526.81,738,Retired,2026-07-10 09:27:06,58620.0,627.23,<$10K,Good (650–750)
74,Deepa Singh,deepa.singh74@outlook.com,9613649458,Bengaluru,Karnataka,India,INR,4769587.0,51034.58,565,Self-Employed,2026-07-10 09:27:06,397465.58,4252.88,$30–60K,Fair (550–650)
75,Rekha Gupta,rekha.gupta75@icloud.com,9214683060,Hyderabad,Telangana,India,INR,1119009.0,11973.4,676,Salaried,2026-07-10 09:27:06,93250.75,997.78,$10–30K,Good (650–750)
76,Rekha Sharma,rekha.sharma76@gmail.com,9979732404,Ahmedabad,Gujarat,India,INR,1628926.0,17429.51,551,Salaried,2026-07-10 09:27:06,135743.83,1452.46,$10–30K,Fair (550–650)
77,Sunita Patel,sunita.patel77@gmail.com,9838974278,Pune,Maharashtra,India,INR,3463711.0,37061.71,683,Self-Employed,2026-07-10 09:27:06,288642.58,3088.48,$30–60K,Good (650–750)
78,Pooja Kumar,pooja.kumar78@outlook.com,9751165671,Mumbai,Maharashtra,India,INR,2158480.0,23095.74,698,Salaried,2026-07-10 09:27:06,179873.33,1924.65,$10–30K,Good (650–750)
79,Swathi Mishra,swathi.mishra79@icloud.com,9797806096,Lucknow,Uttar Pradesh,India,INR,876274.0,9376.13,672,Salaried,2026-07-10 09:27:06,73022.83,781.34,<$10K,Good (650–750)
80,Lakshmi Chauhan,lakshmi.chauhan80@outlook.com,9153471922,Jaipur,Rajasthan,India,INR,2358413.0,25235.02,667,Salaried,2026-07-10 09:27:06,196534.42,2102.92,$10–30K,Good (650–750)
81,Pooja Reddy,pooja.reddy81@outlook.com,9229997570,Kolkata,West Bengal,India,INR,1681307.0,17989.98,791,Salaried,2026-07-10 09:27:06,140108.92,1499.16,$10–30K,Excellent (750–900)
82,Kavya Mishra,kavya.mishra82@gmail.com,9564226318,Chennai,Tamil Nadu,India,INR,932629.0,9979.13,550,Salaried,2026-07-10 09:27:06,77719.08,831.59,<$10K,Poor (300–550)
83,Priya Reddy,priya.reddy83@outlook.com,9181821072,Chennai,Tamil Nadu,India,INR,687262.0,7353.7,660,Self-Employed,2026-07-10 09:27:06,57271.83,612.81,<$10K,Good (650–750)
84,Rajesh Sharma,rajesh.sharma84@outlook.com,9819607545,Bengaluru,Karnataka,India,INR,2291281.0,24516.71,856,Business,2026-07-10 09:27:06,190940.08,2043.06,$10–30K,Excellent (750–900)
85,Kiran Singh,kiran.singh85@outlook.com,9269513358,Chennai,Tamil Nadu,India,INR,3581140.0,38318.2,675,Self-Employed,2026-07-10 09:27:06,298428.33,3193.18,$30–60K,Good (650–750)
86,Vikram Gupta,vikram.gupta86@icloud.com,9443705883,Kolkata,West Bengal,India,INR,6212530.0,66474.07,606,Business,2026-07-10 09:27:06,517710.83,5539.51,$60–120K,Fair (550–650)
87,Meena Sharma,meena.sharma87@gmail.com,9553081390,Hyderabad,Telangana,India,INR,2734843.0,29262.82,831,Business,2026-07-10 09:27:06,227903.58,2438.57,$10–30K,Excellent (750–900)
88,Meena Joshi,meena.joshi88@gmail.com,9727450311,Kolkata,West Bengal,India,INR,1326039.0,14188.62,763,Salaried,2026-07-10 09:27:06,110503.25,1182.38,$10–30K,Excellent (750–900)
89,Ravi Mehta,ravi.mehta89@gmail.com,9617433936,Pune,Maharashtra,India,INR,1168946.0,12507.72,869,Salaried,2026-07-10 09:27:06,97412.17,1042.31,$10–30K,Excellent (750–900)
90,Sanjay Pillai,sanjay.pillai90@outlook.com,9687162675,Delhi,Delhi,India,INR,2358240.0,25233.17,583,Salaried,2026-07-10 09:27:06,196520.0,2102.76,$10–30K,Fair (550–650)
91,Rahul Kumar,rahul.kumar91@gmail.com,9652448646,Bengaluru,Karnataka,India,INR,743066.0,7950.81,797,Self-Employed,2026-07-10 09:27:06,61922.17,662.57,<$10K,Excellent (750–900)
92,Suresh Chauhan,suresh.chauhan92@outlook.com,9963228673,Bengaluru,Karnataka,India,INR,786989.0,8420.78,554,Salaried,2026-07-10 09:27:06,65582.42,701.73,<$10K,Fair (550–650)
93,Venkat Singh,venkat.singh93@yahoo.com,9593232766,Delhi,Delhi,India,INR,1700996.0,18200.66,794,Self-Employed,2026-07-10 09:27:06,141749.67,1516.72,$10–30K,Excellent (750–900)
94,Rekha Kumar,rekha.kumar94@gmail.com,9668006285,Jaipur,Rajasthan,India,INR,3973233.0,42513.59,805,Self-Employed,2026-07-10 09:27:06,331102.75,3542.8,$30–60K,Excellent (750–900)
95,Nisha Verma,nisha.verma95@icloud.com,9833985598,Jaipur,Rajasthan,India,INR,565617.0,6052.1,797,Retired,2026-07-10 09:27:06,47134.75,504.34,<$10K,Excellent (750–900)
96,Lakshmi Mishra,lakshmi.mishra96@outlook.com,9775261948,Hyderabad,Telangana,India,INR,4128400.0,44173.88,624,Self-Employed,2026-07-10 09:27:06,344033.33,3681.16,$30–60K,Fair (550–650)
97,Rajesh Chauhan,rajesh.chauhan97@yahoo.com,9269468538,Bengaluru,Karnataka,India,INR,1082892.0,11586.94,584,Self-Employed,2026-07-10 09:27:06,90241.0,965.58,$10–30K,Fair (550–650)
98,Lakshmi Nair,lakshmi.nair98@yahoo.com,9519771357,Chennai,Tamil Nadu,India,INR,3280313.0,35099.35,815,Self-Employed,2026-07-10 09:27:06,273359.42,2924.95,$30–60K,Excellent (750–900)
99,Kavya Sharma,kavya.sharma99@gmail.com,9453222769,Jaipur,Rajasthan,India,INR,1569309.0,16791.61,665,Salaried,2026-07-10 09:27:06,130775.75,1399.3,$10–30K,Good (650–750)
100,Vikram Reddy,vikram.reddy100@icloud.com,9357519374,Chennai,Tamil Nadu,India,INR,1080235.0,11558.51,842,Self-Employed,2026-07-10 09:27:06,90019.58,963.21,$10–30K,Excellent (750–900)
101,Priya Verma,priya.verma101@icloud.com,9384957218,Pune,Maharashtra,India,INR,496114.0,5308.42,741,Retired,2026-07-10 09:27:06,41342.83,442.37,<$10K,Good (650–750)
102,Divya Gupta,divya.gupta102@icloud.com,9889090831,Bengaluru,Karnataka,India,INR,1863624.0,19940.78,885,Salaried,2026-07-10 09:27:06,155302.0,1661.73,$10–30K,Excellent (750–900)
103,Nisha Verma,nisha.verma103@outlook.com,9237441429,Lucknow,Uttar Pradesh,India,INR,398310.0,4261.92,561,Retired,2026-07-10 09:27:06,33192.5,355.16,<$10K,Fair (550–650)
104,Kiran Kumar,kiran.kumar104@icloud.com,9174414697,Mumbai,Maharashtra,India,INR,7570840.0,81007.99,698,Business,2026-07-10 09:27:06,630903.33,6750.67,$60–120K,Good (650–750)
105,Anitha Pillai,anitha.pillai105@icloud.com,9165813461,Chennai,Tamil Nadu,India,INR,577671.0,6181.08,626,Salaried,2026-07-10 09:27:06,48139.25,515.09,<$10K,Fair (550–650)
106,Sunita Reddy,sunita.reddy106@yahoo.com,9130380182,Lucknow,Uttar Pradesh,India,INR,1459487.0,15616.51,591,Salaried,2026-07-10 09:27:06,121623.92,1301.38,$10–30K,Fair (550–650)
107,Lakshmi Patel,lakshmi.patel107@outlook.com,9518151404,Bengaluru,Karnataka,India,INR,1071351.0,11463.46,643,Salaried,2026-07-10 09:27:06,89279.25,955.29,$10–30K,Fair (550–650)
108,Arun Kumar,arun.kumar108@outlook.com,9673481317,Ahmedabad,Gujarat,India,INR,2109821.0,22575.08,883,Self-Employed,2026-07-10 09:27:06,175818.42,1881.26,$10–30K,Excellent (750–900)
109,Swathi Pillai,swathi.pillai109@outlook.com,9919400733,Hyderabad,Telangana,India,INR,798083.0,8539.49,650,Salaried,2026-07-10 09:27:06,66506.92,711.62,<$10K,Fair (550–650)
110,Arjun Kumar,arjun.kumar110@outlook.com,9854431163,Ahmedabad,Gujarat,India,INR,2487922.0,26620.77,626,Self-Employed,2026-07-10 09:27:06,207326.83,2218.4,$10–30K,Fair (550–650)
111,Arjun Reddy,arjun.reddy111@yahoo.com,9493218765,Ahmedabad,Gujarat,India,INR,3815472.0,40825.55,723,Self-Employed,2026-07-10 09:27:06,317956.0,3402.13,$30–60K,Good (650–750)
112,Lakshmi Nair,lakshmi.nair112@outlook.com,9554642274,Ahmedabad,Gujarat,India,INR,4910381.0,52541.08,614,Self-Employed,2026-07-10 09:27:06,409198.42,4378.42,$30–60K,Fair (550–650)
113,Ravi Rao,ravi.rao113@icloud.com,9823054808,Chennai,Tamil Nadu,India,INR,463682.0,4961.4,800,Retired,2026-07-10 09:27:06,38640.17,413.45,<$10K,Excellent (750–900)
114,Swathi Verma,swathi.verma114@icloud.com,9711365431,Mumbai,Maharashtra,India,INR,2830703.0,30288.52,751,Self-Employed,2026-07-10 09:27:06,235891.92,2524.04,$30–60K,Excellent (750–900)
115,Sunita Chauhan,sunita.chauhan115@gmail.com,9885388672,Pune,Maharashtra,India,INR,693609.0,7421.62,887,Retired,2026-07-10 09:27:06,57800.75,618.47,<$10K,Excellent (750–900)
116,Amit Iyer,amit.iyer116@outlook.com,9132146922,Delhi,Delhi,India,INR,3149150.0,33695.91,616,Self-Employed,2026-07-10 09:27:06,262429.17,2807.99,$30–60K,Fair (550–650)
117,Nisha Sharma,nisha.sharma117@outlook.com,9459889083,Chennai,Tamil Nadu,India,INR,2852135.0,30517.84,712,Self-Employed,2026-07-10 09:27:06,237677.92,2543.15,$30–60K,Good (650–750)
118,Vikram Iyer,vikram.iyer118@gmail.com,9305235695,Delhi,Delhi,India,INR,1327765.0,14207.09,804,Salaried,2026-07-10 09:27:06,110647.08,1183.92,$10–30K,Excellent (750–900)
119,Arjun Singh,arjun.singh119@gmail.com,9354318962,Bengaluru,Karnataka,India,INR,2098692.0,22456.0,605,Salaried,2026-07-10 09:27:06,174891.0,1871.33,$10–30K,Fair (550–650)
120,Pooja Pillai,pooja.pillai120@icloud.com,9983745036,Lucknow,Uttar Pradesh,India,INR,3014181.0,32251.74,856,Self-Employed,2026-07-10 09:27:06,251181.75,2687.64,$30–60K,Excellent (750–900)
121,Rekha Chauhan,rekha.chauhan121@outlook.com,9165076462,Jaipur,Rajasthan,India,INR,663274.0,7097.03,862,Salaried,2026-07-10 09:27:06,55272.83,591.42,<$10K,Excellent (750–900)
122,Amit Kumar,amit.kumar122@outlook.com,9326833617,Kolkata,West Bengal,India,INR,1008728.0,10793.39,732,Salaried,2026-07-10 09:27:06,84060.67,899.45,$10–30K,Good (650–750)
123,Ravi Kumar,ravi.kumar123@outlook.com,9250743913,Jaipur,Rajasthan,India,INR,3047084.0,32603.8,819,Self-Employed,2026-07-10 09:27:06,253923.67,2716.98,$30–60K,Excellent (750–900)
124,Sanjay Singh,sanjay.singh124@yahoo.com,9660008964,Mumbai,Maharashtra,India,INR,3018575.0,32298.75,867,Business,2026-07-10 09:27:06,251547.92,2691.56,$30–60K,Excellent (750–900)
125,Anitha Singh,anitha.singh125@icloud.com,9434094352,Jaipur,Rajasthan,India,INR,6076817.0,65021.94,850,Business,2026-07-10 09:27:06,506401.42,5418.5,$60–120K,Excellent (750–900)
126,Sanjay Shah,sanjay.shah126@yahoo.com,9899739918,Hyderabad,Telangana,India,INR,2323529.0,24861.76,668,Salaried,2026-07-10 09:27:06,193627.42,2071.81,$10–30K,Good (650–750)
127,Suresh Rao,suresh.rao127@outlook.com,9902899433,Bengaluru,Karnataka,India,INR,1258786.0,13469.01,731,Salaried,2026-07-10 09:27:06,104898.83,1122.42,$10–30K,Good (650–750)
128,Venkat Mishra,venkat.mishra128@gmail.com,9337656194,Kolkata,West Bengal,India,INR,3082538.0,32983.16,857,Self-Employed,2026-07-10 09:27:06,256878.17,2748.6,$30–60K,Excellent (750–900)
129,Meena Chauhan,meena.chauhan129@outlook.com,9630983008,Kolkata,West Bengal,India,INR,1733734.0,18550.95,707,Self-Employed,2026-07-10 09:27:06,144477.83,1545.91,$10–30K,Good (650–750)
130,Manoj Mishra,manoj.mishra130@icloud.com,9210471497,Lucknow,Uttar Pradesh,India,INR,713670.0,7636.27,702,Salaried,2026-07-10 09:27:06,59472.5,636.36,<$10K,Good (650–750)
131,Arun Mehta,arun.mehta131@outlook.com,9288150041,Pune,Maharashtra,India,INR,4387404.0,46945.22,806,Self-Employed,2026-07-10 09:27:06,365617.0,3912.1,$30–60K,Excellent (750–900)
132,Ravi Singh,ravi.singh132@outlook.com,9151437944,Bengaluru,Karnataka,India,INR,2082796.0,22285.92,841,Salaried,2026-07-10 09:27:06,173566.33,1857.16,$10–30K,Excellent (750–900)
133,Suresh Patel,suresh.patel133@gmail.com,9448144427,Mumbai,Maharashtra,India,INR,487009.0,5211.0,591,Salaried,2026-07-10 09:27:06,40584.08,434.25,<$10K,Fair (550–650)
134,Rajesh Reddy,rajesh.reddy134@yahoo.com,9559747277,Hyderabad,Telangana,India,INR,4856769.0,51967.43,625,Self-Employed,2026-07-10 09:27:06,404730.75,4330.62,$30–60K,Fair (550–650)
135,Ravi Sharma,ravi.sharma135@yahoo.com,9387991328,Mumbai,Maharashtra,India,INR,5568080.0,59578.46,735,Business,2026-07-10 09:27:06,464006.67,4964.87,$30–60K,Good (650–750)
136,Kavya Sharma,kavya.sharma136@yahoo.com,9515140032,Mumbai,Maharashtra,India,INR,412163.0,4410.14,878,Retired,2026-07-10 09:27:06,34346.92,367.51,<$10K,Excellent (750–900)
137,Manoj Iyer,manoj.iyer137@yahoo.com,9186213590,Jaipur,Rajasthan,India,INR,3441485.0,36823.89,812,Self-Employed,2026-07-10 09:27:06,286790.42,3068.66,$30–60K,Excellent (750–900)
138,Vikram Iyer,vikram.iyer138@yahoo.com,9600173434,Mumbai,Maharashtra,India,INR,6155037.0,65858.9,735,Business,2026-07-10 09:27:06,512919.75,5488.24,$60–120K,Good (650–750)
139,Nisha Joshi,nisha.joshi139@icloud.com,9137752604,Mumbai,Maharashtra,India,INR,2849828.0,30493.16,571,Business,2026-07-10 09:27:06,237485.67,2541.1,$30–60K,Fair (550–650)
140,Kiran Shah,kiran.shah140@icloud.com,9339827357,Mumbai,Maharashtra,India,INR,1162019.0,12433.6,821,Salaried,2026-07-10 09:27:06,96834.92,1036.13,$10–30K,Excellent (750–900)
141,Divya Gupta,divya.gupta141@outlook.com,9410986667,Jaipur,Rajasthan,India,INR,1614758.0,17277.91,800,Self-Employed,2026-07-10 09:27:06,134563.17,1439.83,$10–30K,Excellent (750–900)
142,Anitha Pillai,anitha.pillai142@outlook.com,9509552865,Lucknow,Uttar Pradesh,India,INR,646702.0,6919.71,765,Retired,2026-07-10 09:27:06,53891.83,576.64,<$10K,Excellent (750–900)
143,Anitha Mehta,anitha.mehta143@gmail.com,9679100949,Delhi,Delhi,India,INR,7723218.0,82638.43,666,Business,2026-07-10 09:27:06,643601.5,6886.54,$60–120K,Good (650–750)
144,Anitha Gupta,anitha.gupta144@yahoo.com,9499938545,Lucknow,Uttar Pradesh,India,INR,364237.0,3897.34,599,Retired,2026-07-10 09:27:06,30353.08,324.78,<$10K,Fair (550–650)
145,Ravi Joshi,ravi.joshi145@gmail.com,9755879459,Jaipur,Rajasthan,India,INR,1653877.0,17696.48,843,Business,2026-07-10 09:27:06,137823.08,1474.71,$10–30K,Excellent (750–900)
146,Amit Gupta,amit.gupta146@outlook.com,9720333245,Chennai,Tamil Nadu,India,INR,2394644.0,25622.69,738,Salaried,2026-07-10 09:27:06,199553.67,2135.22,$10–30K,Good (650–750)
147,Manoj Patel,manoj.patel147@yahoo.com,9830906134,Pune,Maharashtra,India,INR,4733613.0,50649.66,684,Business,2026-07-10 09:27:06,394467.75,4220.8,$30–60K,Good (650–750)
148,Meena Iyer,meena.iyer148@outlook.com,9492466798,Chennai,Tamil Nadu,India,INR,1348555.0,14429.54,727,Salaried,2026-07-10 09:27:06,112379.58,1202.46,$10–30K,Good (650–750)
149,Rahul Gupta,rahul.gupta149@yahoo.com,9485117532,Lucknow,Uttar Pradesh,India,INR,1553177.0,16618.99,883,Salaried,2026-07-10 09:27:06,129431.42,1384.92,$10–30K,Excellent (750–900)
150,Swathi Joshi,swathi.joshi150@yahoo.com,9186159845,Chennai,Tamil Nadu,India,INR,3433527.0,36738.74,706,Self-Employed,2026-07-10 09:27:06,286127.25,3061.56,$30–60K,Good (650–750)
151,James Mitchell,james.mitchell200@yahoo.com,Unknown,New York,New York,USA,USD,95000.0,95000.0,701,Self-Employed,2026-07-10 09:27:06,7916.67,7916.67,$60–120K,Good (650–750)
152,Sarah Johnson,sarah.johnson201@yahoo.com,Unknown,Los Angeles,California,USA,USD,120000.0,120000.0,734,Salaried,2026-07-10 09:27:06,10000.0,10000.0,$60–120K,Good (650–750)
153,Robert Williams,robert.williams202@gmail.com,Unknown,Houston,Texas,USA,USD,85000.0,85000.0,767,Salaried,2026-07-10 09:27:06,7083.33,7083.33,$60–120K,Excellent (750–900)
154,Emily Davis,emily.davis203@gmail.com,Unknown,Chicago,Illinois,USA,USD,110000.0,110000.0,785,Self-Employed,2026-07-10 09:27:06,9166.67,9166.67,$60–120K,Excellent (750–900)
155,Michael Brown,michael.brown204@outlook.com,Unknown,Miami,Florida,USA,USD,145000.0,145000.0,738,Business,2026-07-10 09:27:06,12083.33,12083.33,$120–300K,Good (650–750)
156,Oliver Thompson,oliver.thompson205@icloud.com,Unknown,London,England,UK,GBP,72000.0,92160.0,680,Self-Employed,2026-07-10 09:27:06,6000.0,7680.0,$60–120K,Good (650–750)
157,Charlotte Davies,charlotte.davies206@gmail.com,Unknown,Manchester,England,UK,GBP,58000.0,74240.0,632,Business,2026-07-10 09:27:06,4833.33,6186.67,$60–120K,Fair (550–650)
158,Harry Wilson,harry.wilson207@yahoo.com,Unknown,Edinburgh,Scotland,UK,GBP,65000.0,83200.0,623,Self-Employed,2026-07-10 09:27:06,5416.67,6933.33,$60–120K,Fair (550–650)
159,Ahmed Al Rashid,ahmed.al.rashid208@yahoo.com,Unknown,Dubai,Dubai,UAE,AED,480000.0,129600.0,705,Salaried,2026-07-10 09:27:06,40000.0,10800.0,$120–300K,Good (650–750)
160,Fatima Al Mazrui,fatima.al.mazrui209@icloud.com,Unknown,Abu Dhabi,Abu Dhabi,UAE,AED,360000.0,97200.0,852,Self-Employed,2026-07-10 09:27:06,30000.0,8100.0,$60–120K,Excellent (750–900)
161,Khalid Al Maktoum,khalid.al.maktoum210@yahoo.com,Unknown,Dubai,Dubai,UAE,AED,960000.0,259200.0,751,Business,2026-07-10 09:27:06,80000.0,21600.0,$120–300K,Excellent (750–900)
162,Hans Mueller,hans.mueller211@yahoo.com,Unknown,Munich,Bavaria,Germany,EUR,85000.0,92650.0,660,Self-Employed,2026-07-10 09:27:06,7083.33,7720.83,$60–120K,Good (650–750)
163,Lena Schmidt,lena.schmidt212@gmail.com,Unknown,Berlin,Berlin,Germany,EUR,72000.0,78480.0,674,Business,2026-07-10 09:27:06,6000.0,6540.0,$60–120K,Good (650–750)
164,Klaus Weber,klaus.weber213@icloud.com,Unknown,Frankfurt,Hesse,Germany,EUR,98000.0,106820.0,739,Salaried,2026-07-10 09:27:06,8166.67,8901.67,$60–120K,Good (650–750)
165,Hiroshi Tanaka,hiroshi.tanaka214@outlook.com,Unknown,Tokyo,Tokyo,Japan,JPY,8500000.0,56950.0,691,Self-Employed,2026-07-10 09:27:06,708333.33,4745.83,$30–60K,Good (650–750)
166,Yuki Yamamoto,yuki.yamamoto215@gmail.com,Unknown,Osaka,Osaka,Japan,JPY,6200000.0,41540.0,660,Salaried,2026-07-10 09:27:06,516666.67,3461.67,$30–60K,Good (650–750)
167,Liam Anderson,liam.anderson216@outlook.com,Unknown,Sydney,New South Wales,Australia,AUD,115000.0,74750.0,744,Self-Employed,2026-07-10 09:27:06,9583.33,6229.17,$60–120K,Good (650–750)
168,Emma Taylor,emma.taylor217@icloud.com,Unknown,Melbourne,Victoria,Australia,AUD,98000.0,63700.0,785,Business,2026-07-10 09:27:06,8166.67,5308.33,$60–120K,Excellent (750–900)
169,Wei Liang Chen,wei.liang.chen218@yahoo.com,Unknown,Singapore,Singapore,Singapore,SGD,180000.0,133200.0,670,Self-Employed,2026-07-10 09:27:06,15000.0,11100.0,$120–300K,Good (650–750)
170,Priya Nair,priya.nair219@icloud.com,Unknown,Singapore,Singapore,Singapore,SGD,144000.0,106560.0,803,Self-Employed,2026-07-10 09:27:06,12000.0,8880.0,$60–120K,Excellent (750–900)
171,roja,roja@gmail.com,09121639013,Hyderabad,Telangana,India,INR,300000.0,3210.0,700,Salaried,2026-07-13 04:54:39,25000.0,267.5,<$10K,Good (650–750)
